quantity_added,date
1,2008-01-01
1,2008-02-04
1,2009-05-05
1,2009-11-18
1,2010-11-01
1,2011-05-17
1,2011-09-27
11,2011-10-01
1,2012-02-21
1,2012-11-14
1,2012-12-01
1,2013-03-31
1,2013-08-02
2,2013-09-01
1,2013-10-08
2,2013-10-14
2,2013-11-01
1,2013-12-12
1,2013-12-29
1,2014-01-17
1,2014-01-24
1,2014-02-01
1,2014-02-16
1,2014-04-01
1,2014-04-15
1,2014-06-15
1,2014-07-11
1,2014-08-15
1,2014-09-26
1,2014-10-10
1,2014-10-12
1,2014-10-21
1,2014-10-24
1,2014-11-07
1,2014-11-14
1,2014-11-19
1,2014-11-21
1,2014-12-05
1,2014-12-12
1,2014-12-17
2,2014-12-18
1,2014-12-19
1,2015-01-23
1,2015-02-01
1,2015-02-13
1,2015-02-15
1,2015-02-27
2,2015-03-06
2,2015-03-15
1,2015-03-22
1,2015-04-16
1,2015-04-17
3,2015-04-22
1,2015-05-10
1,2015-05-17
2,2015-05-22
1,2015-05-29
1,2015-05-31
1,2015-06-01
1,2015-06-15
1,2015-06-23
1,2015-06-26
1,2015-06-29
1,2015-06-30
1,2015-07-07
1,2015-07-10
1,2015-07-14
2,2015-07-15
1,2015-07-17
1,2015-07-31
1,2015-08-05
1,2015-08-14
1,2015-09-02
2,2015-09-08
1,2015-09-15
1,2015-09-18
1,2015-09-22
1,2015-09-29
1,2015-10-01
1,2015-10-02
1,2015-10-09
2,2015-10-10
1,2015-10-14
3,2015-10-16
1,2015-10-22
1,2015-10-23
1,2015-10-25
1,2015-10-27
1,2015-10-31
1,2015-11-03
2,2015-11-13
1,2015-11-18
3,2015-12-01
1,2015-12-02
1,2015-12-04
1,2015-12-09
1,2015-12-11
3,2015-12-15
1,2015-12-17
1,2015-12-18
3,2015-12-20
2,2015-12-25
1,2015-12-26
1,2015-12-28
2,2015-12-31
33,2016-01-01
1,2016-01-08
1,2016-01-13
2,2016-01-15
1,2016-01-22
1,2016-01-23
4,2016-01-28
2,2016-02-01
1,2016-02-04
3,2016-02-05
1,2016-02-06
1,2016-02-08
1,2016-02-14
2,2016-02-18
1,2016-02-19
1,2016-02-24
2,2016-02-26
4,2016-03-01
1,2016-03-02
1,2016-03-07
1,2016-03-09
1,2016-03-11
2,2016-03-16
4,2016-03-18
1,2016-03-19
1,2016-03-25
1,2016-03-31
7,2016-04-01
1,2016-04-05
1,2016-04-08
1,2016-04-09
3,2016-04-15
2,2016-04-17
1,2016-04-20
2,2016-04-22
1,2016-04-25
1,2016-04-28
2,2016-04-29
3,2016-05-01
1,2016-05-05
1,2016-05-06
1,2016-05-08
1,2016-05-15
1,2016-05-22
1,2016-05-23
2,2016-05-26
1,2016-05-27
1,2016-05-28
8,2016-06-01
1,2016-06-02
1,2016-06-03
1,2016-06-13
1,2016-06-18
1,2016-06-20
3,2016-06-24
2,2016-06-30
12,2016-07-01
1,2016-07-04
1,2016-07-06
1,2016-07-07
1,2016-07-08
1,2016-07-10
2,2016-07-14
4,2016-07-15
1,2016-07-21
1,2016-07-24
1,2016-07-25
2,2016-07-29
14,2016-08-01
1,2016-08-02
1,2016-08-05
4,2016-08-11
1,2016-08-13
6,2016-08-15
1,2016-08-19
2,2016-08-25
4,2016-08-26
20,2016-09-01
2,2016-09-02
1,2016-09-06
1,2016-09-07
1,2016-09-09
1,2016-09-13
3,2016-09-15
5,2016-09-16
1,2016-09-17
7,2016-09-19
1,2016-09-20
1,2016-09-22
3,2016-09-23
1,2016-09-30
23,2016-10-01
1,2016-10-04
4,2016-10-07
1,2016-10-12
1,2016-10-13
1,2016-10-14
9,2016-10-15
1,2016-10-16
2,2016-10-21
1,2016-10-27
6,2016-10-28
1,2016-10-29
16,2016-11-01
2,2016-11-02
3,2016-11-04
2,2016-11-09
2,2016-11-10
2,2016-11-11
4,2016-11-15
1,2016-11-17
4,2016-11-18
1,2016-11-19
1,2016-11-21
2,2016-11-22
3,2016-11-25
1,2016-11-30
20,2016-12-01
4,2016-12-02
3,2016-12-03
1,2016-12-04
2,2016-12-05
4,2016-12-06
4,2016-12-08
5,2016-12-09
2,2016-12-10
1,2016-12-11
1,2016-12-12
1,2016-12-13
1,2016-12-14
18,2016-12-15
6,2016-12-16
2,2016-12-19
4,2016-12-20
1,2016-12-21
4,2016-12-23
1,2016-12-25
4,2016-12-26
2,2016-12-27
2,2016-12-28
1,2016-12-30
2,2016-12-31
19,2017-01-01
1,2017-01-03
1,2017-01-04
3,2017-01-05
4,2017-01-06
2,2017-01-07
2,2017-01-10
2,2017-01-12
3,2017-01-13
4,2017-01-14
10,2017-01-15
2,2017-01-16
4,2017-01-17
1,2017-01-18
1,2017-01-19
3,2017-01-20
1,2017-01-23
1,2017-01-24
1,2017-01-25
1,2017-01-26
3,2017-01-27
1,2017-01-29
2,2017-01-31
19,2017-02-01
1,2017-02-02
2,2017-02-03
1,2017-02-04
2,2017-02-05
1,2017-02-07
3,2017-02-08
4,2017-02-10
1,2017-02-11
1,2017-02-12
4,2017-02-14
8,2017-02-15
2,2017-02-16
5,2017-02-17
3,2017-02-19
1,2017-02-20
1,2017-02-21
11,2017-02-22
2,2017-02-23
3,2017-02-24
2,2017-02-25
1,2017-02-26
1,2017-02-27
3,2017-02-28
22,2017-03-01
2,2017-03-02
1,2017-03-03
1,2017-03-04
1,2017-03-07
1,2017-03-08
4,2017-03-09
22,2017-03-10
4,2017-03-14
8,2017-03-15
6,2017-03-16
5,2017-03-17
2,2017-03-18
2,2017-03-20
4,2017-03-21
1,2017-03-23
4,2017-03-24
1,2017-03-28
3,2017-03-30
31,2017-03-31
27,2017-04-01
2,2017-04-02
2,2017-04-04
1,2017-04-06
5,2017-04-07
2,2017-04-08
2,2017-04-10
1,2017-04-11
2,2017-04-12
5,2017-04-14
12,2017-04-15
1,2017-04-16
2,2017-04-18
2,2017-04-19
1,2017-04-20
5,2017-04-21
6,2017-04-22
1,2017-04-23
4,2017-04-25
1,2017-04-26
1,2017-04-27
8,2017-04-28
25,2017-05-01
2,2017-05-02
1,2017-05-04
5,2017-05-05
1,2017-05-07
1,2017-05-08
1,2017-05-09
2,2017-05-10
4,2017-05-12
1,2017-05-13
1,2017-05-14
12,2017-05-15
2,2017-05-16
2,2017-05-18
6,2017-05-19
7,2017-05-22
2,2017-05-23
1,2017-05-25
5,2017-05-26
2,2017-05-29
2,2017-05-30
1,2017-05-31
33,2017-06-01
5,2017-06-02
3,2017-06-03
2,2017-06-05
1,2017-06-08
2,2017-06-09
9,2017-06-10
2,2017-06-13
6,2017-06-15
5,2017-06-16
1,2017-06-17
1,2017-06-19
4,2017-06-20
2,2017-06-21
2,2017-06-22
4,2017-06-23
2,2017-06-24
1,2017-06-25
2,2017-06-26
1,2017-06-27
1,2017-06-28
5,2017-06-30
42,2017-07-01
1,2017-07-04
2,2017-07-06
8,2017-07-07
1,2017-07-10
1,2017-07-12
3,2017-07-13
3,2017-07-14
3,2017-07-15
1,2017-07-17
3,2017-07-18
1,2017-07-19
2,2017-07-20
1,2017-07-21
2,2017-07-24
1,2017-07-25
3,2017-07-28
1,2017-07-30
40,2017-08-01
1,2017-08-03
8,2017-08-04
4,2017-08-05
2,2017-08-06
8,2017-08-07
1,2017-08-08
1,2017-08-09
4,2017-08-10
1,2017-08-11
2,2017-08-12
2,2017-08-13
4,2017-08-14
8,2017-08-15
1,2017-08-16
1,2017-08-17
4,2017-08-18
2,2017-08-19
1,2017-08-20
6,2017-08-21
2,2017-08-22
1,2017-08-23
4,2017-08-25
2,2017-08-26
1,2017-08-27
1,2017-08-28
2,2017-08-29
1,2017-08-31
38,2017-09-01
3,2017-09-02
2,2017-09-04
4,2017-09-05
1,2017-09-06
1,2017-09-07
21,2017-09-08
1,2017-09-11
2,2017-09-12
2,2017-09-13
9,2017-09-15
1,2017-09-17
5,2017-09-18
1,2017-09-19
2,2017-09-22
2,2017-09-24
3,2017-09-25
3,2017-09-26
1,2017-09-27
1,2017-09-28
8,2017-09-29
2,2017-09-30
47,2017-10-01
1,2017-10-02
2,2017-10-03
1,2017-10-05
4,2017-10-06
1,2017-10-07
1,2017-10-10
2,2017-10-12
6,2017-10-13
1,2017-10-14
23,2017-10-15
7,2017-10-16
1,2017-10-17
1,2017-10-18
1,2017-10-19
6,2017-10-20
1,2017-10-21
7,2017-10-22
1,2017-10-23
3,2017-10-24
2,2017-10-25
1,2017-10-26
2,2017-10-27
1,2017-10-28
1,2017-10-30
2,2017-10-31
33,2017-11-01
2,2017-11-03
1,2017-11-04
1,2017-11-05
1,2017-11-06
5,2017-11-07
7,2017-11-10
1,2017-11-11
1,2017-11-12
1,2017-11-13
1,2017-11-14
5,2017-11-15
1,2017-11-16
8,2017-11-17
1,2017-11-18
4,2017-11-21
3,2017-11-22
1,2017-11-23
5,2017-11-24
2,2017-11-27
1,2017-11-30
26,2017-12-01
3,2017-12-02
1,2017-12-05
1,2017-12-06
1,2017-12-07
4,2017-12-08
3,2017-12-11
4,2017-12-12
1,2017-12-14
25,2017-12-15
2,2017-12-16
2,2017-12-18
5,2017-12-19
3,2017-12-20
1,2017-12-21
2,2017-12-22
2,2017-12-23
3,2017-12-25
3,2017-12-26
3,2017-12-27
5,2017-12-29
1,2017-12-30
17,2017-12-31
55,2018-01-01
3,2018-01-02
3,2018-01-05
2,2018-01-06
2,2018-01-08
2,2018-01-09
3,2018-01-10
1,2018-01-11
6,2018-01-12
12,2018-01-15
3,2018-01-16
3,2018-01-17
2,2018-01-18
3,2018-01-19
1,2018-01-20
4,2018-01-22
3,2018-01-23
4,2018-01-24
1,2018-01-25
6,2018-01-26
1,2018-01-28
4,2018-01-29
4,2018-01-30
1,2018-01-31
19,2018-02-01
4,2018-02-02
1,2018-02-04
4,2018-02-05
3,2018-02-06
1,2018-02-08
5,2018-02-09
1,2018-02-13
3,2018-02-14
13,2018-02-15
5,2018-02-16
1,2018-02-17
5,2018-02-19
4,2018-02-20
3,2018-02-21
1,2018-02-22
5,2018-02-23
1,2018-02-24
1,2018-02-25
3,2018-02-26
2,2018-02-27
2,2018-02-28
75,2018-03-01
4,2018-03-02
1,2018-03-04
1,2018-03-05
6,2018-03-06
2,2018-03-07
2,2018-03-08
4,2018-03-09
2,2018-03-10
2,2018-03-11
2,2018-03-12
3,2018-03-13
1,2018-03-14
23,2018-03-15
5,2018-03-16
1,2018-03-19
3,2018-03-20
1,2018-03-21
8,2018-03-23
2,2018-03-24
1,2018-03-26
2,2018-03-27
1,2018-03-28
1,2018-03-29
10,2018-03-30
10,2018-03-31
44,2018-04-01
2,2018-04-02
3,2018-04-03
3,2018-04-04
2,2018-04-05
10,2018-04-06
1,2018-04-07
2,2018-04-09
1,2018-04-10
1,2018-04-12
5,2018-04-13
1,2018-04-14
6,2018-04-15
2,2018-04-16
3,2018-04-17
1,2018-04-18
3,2018-04-19
5,2018-04-20
2,2018-04-24
3,2018-04-25
2,2018-04-26
9,2018-04-27
4,2018-04-30
42,2018-05-01
1,2018-05-02
1,2018-05-03
10,2018-05-04
3,2018-05-05
1,2018-05-07
3,2018-05-08
6,2018-05-11
1,2018-05-12
1,2018-05-13
6,2018-05-15
2,2018-05-16
1,2018-05-17
3,2018-05-18
2,2018-05-19
2,2018-05-22
1,2018-05-24
5,2018-05-25
2,2018-05-26
1,2018-05-27
1,2018-05-29
1,2018-05-30
1,2018-05-31
13,2018-06-01
2,2018-06-02
2,2018-06-04
1,2018-06-05
3,2018-06-07
4,2018-06-08
2,2018-06-12
1,2018-06-14
10,2018-06-15
4,2018-06-18
2,2018-06-19
1,2018-06-20
6,2018-06-22
6,2018-06-23
1,2018-06-24
2,2018-06-25
3,2018-06-26
1,2018-06-27
1,2018-06-28
8,2018-06-29
5,2018-06-30
40,2018-07-01
2,2018-07-02
4,2018-07-03
1,2018-07-04
1,2018-07-05
6,2018-07-06
1,2018-07-08
2,2018-07-10
1,2018-07-11
6,2018-07-13
3,2018-07-14
14,2018-07-15
1,2018-07-17
3,2018-07-18
7,2018-07-19
12,2018-07-20
2,2018-07-21
2,2018-07-22
1,2018-07-23
3,2018-07-24
8,2018-07-25
11,2018-07-26
6,2018-07-27
6,2018-07-28
1,2018-07-29
5,2018-07-30
3,2018-07-31
37,2018-08-01
25,2018-08-02
4,2018-08-03
4,2018-08-04
1,2018-08-05
2,2018-08-08
2,2018-08-09
7,2018-08-10
1,2018-08-13
6,2018-08-15
22,2018-08-16
5,2018-08-17
3,2018-08-18
3,2018-08-19
1,2018-08-20
5,2018-08-21
2,2018-08-23
10,2018-08-24
4,2018-08-25
1,2018-08-26
2,2018-08-27
4,2018-08-28
2,2018-08-29
1,2018-08-30
10,2018-08-31
22,2018-09-01
3,2018-09-02
1,2018-09-03
2,2018-09-04
7,2018-09-05
2,2018-09-06
9,2018-09-07
2,2018-09-08
1,2018-09-09
3,2018-09-11
2,2018-09-12
2,2018-09-13
11,2018-09-14
15,2018-09-15
3,2018-09-16
1,2018-09-17
1,2018-09-18
2,2018-09-19
3,2018-09-20
6,2018-09-21
2,2018-09-22
1,2018-09-24
1,2018-09-25
1,2018-09-26
1,2018-09-27
11,2018-09-28
2,2018-09-29
7,2018-09-30
71,2018-10-01
17,2018-10-02
3,2018-10-03
4,2018-10-04
9,2018-10-05
2,2018-10-06
2,2018-10-08
3,2018-10-09
4,2018-10-10
4,2018-10-11
11,2018-10-12
1,2018-10-13
4,2018-10-15
2,2018-10-16
2,2018-10-17
1,2018-10-18
18,2018-10-19
2,2018-10-20
1,2018-10-21
1,2018-10-22
4,2018-10-23
1,2018-10-24
4,2018-10-25
8,2018-10-26
2,2018-10-27
1,2018-10-28
1,2018-10-29
5,2018-10-30
3,2018-10-31
60,2018-11-01
6,2018-11-02
2,2018-11-03
2,2018-11-05
3,2018-11-07
6,2018-11-08
9,2018-11-09
3,2018-11-10
1,2018-11-12
3,2018-11-13
15,2018-11-15
7,2018-11-16
3,2018-11-17
1,2018-11-18
7,2018-11-20
2,2018-11-21
2,2018-11-22
3,2018-11-23
2,2018-11-25
3,2018-11-27
1,2018-11-28
13,2018-11-30
29,2018-12-01
3,2018-12-02
3,2018-12-03
3,2018-12-04
1,2018-12-05
1,2018-12-06
10,2018-12-07
5,2018-12-08
1,2018-12-09
4,2018-12-10
2,2018-12-11
2,2018-12-12
11,2018-12-14
17,2018-12-15
9,2018-12-16
3,2018-12-17
2,2018-12-18
1,2018-12-19
7,2018-12-20
13,2018-12-21
5,2018-12-22
4,2018-12-23
2,2018-12-24
2,2018-12-25
1,2018-12-26
1,2018-12-27
10,2018-12-28
2,2018-12-29
4,2018-12-30
27,2018-12-31
37,2019-01-01
2,2019-01-02
2,2019-01-03
5,2019-01-04
7,2019-01-05
2,2019-01-07
1,2019-01-08
5,2019-01-09
3,2019-01-10
9,2019-01-11
3,2019-01-12
3,2019-01-13
2,2019-01-14
15,2019-01-15
2,2019-01-16
13,2019-01-18
1,2019-01-19
1,2019-01-23
3,2019-01-24
7,2019-01-25
2,2019-01-26
2,2019-01-27
6,2019-01-28
6,2019-01-29
6,2019-01-30
8,2019-01-31
41,2019-02-01
6,2019-02-02
1,2019-02-03
6,2019-02-05
2,2019-02-06
2,2019-02-07
7,2019-02-08
3,2019-02-09
1,2019-02-11
2,2019-02-12
1,2019-02-13
4,2019-02-14
24,2019-02-15
3,2019-02-16
2,2019-02-17
2,2019-02-19
2,2019-02-20
2,2019-02-21
11,2019-02-22
1,2019-02-23
3,2019-02-24
3,2019-02-25
1,2019-02-26
15,2019-02-27
3,2019-02-28
30,2019-03-01
10,2019-03-02
2,2019-03-03
6,2019-03-04
5,2019-03-05
2,2019-03-06
6,2019-03-07
12,2019-03-08
2,2019-03-09
1,2019-03-10
2,2019-03-11
3,2019-03-12
3,2019-03-13
6,2019-03-14
22,2019-03-15
1,2019-03-16
2,2019-03-17
1,2019-03-18
3,2019-03-19
6,2019-03-20
9,2019-03-21
9,2019-03-22
3,2019-03-23
1,2019-03-24
2,2019-03-25
1,2019-03-26
2,2019-03-27
1,2019-03-28
14,2019-03-29
2,2019-03-30
3,2019-03-31
28,2019-04-01
4,2019-04-02
4,2019-04-03
1,2019-04-04
15,2019-04-05
1,2019-04-06
2,2019-04-07
2,2019-04-08
2,2019-04-09
4,2019-04-10
2,2019-04-11
9,2019-04-12
2,2019-04-13
2,2019-04-14
10,2019-04-15
6,2019-04-16
5,2019-04-17
6,2019-04-18
14,2019-04-19
3,2019-04-20
1,2019-04-21
1,2019-04-22
1,2019-04-23
2,2019-04-24
7,2019-04-25
12,2019-04-26
1,2019-04-27
1,2019-04-28
4,2019-04-29
10,2019-04-30
16,2019-05-01
7,2019-05-02
10,2019-05-03
1,2019-05-05
4,2019-05-06
6,2019-05-07
9,2019-05-08
7,2019-05-09
11,2019-05-10
4,2019-05-11
2,2019-05-12
1,2019-05-13
4,2019-05-14
7,2019-05-15
4,2019-05-16
11,2019-05-17
2,2019-05-18
1,2019-05-19
2,2019-05-20
2,2019-05-21
2,2019-05-22
1,2019-05-23
7,2019-05-24
2,2019-05-25
2,2019-05-26
2,2019-05-27
2,2019-05-28
3,2019-05-30
7,2019-05-31
18,2019-06-01
4,2019-06-02
2,2019-06-03
4,2019-06-04
6,2019-06-05
16,2019-06-06
12,2019-06-07
3,2019-06-08
1,2019-06-10
1,2019-06-11
2,2019-06-12
9,2019-06-13
10,2019-06-14
11,2019-06-15
2,2019-06-16
8,2019-06-18
5,2019-06-19
9,2019-06-20
14,2019-06-21
2,2019-06-22
1,2019-06-23
1,2019-06-24
2,2019-06-25
5,2019-06-26
3,2019-06-27
11,2019-06-28
2,2019-06-29
4,2019-06-30
52,2019-07-01
3,2019-07-02
2,2019-07-03
4,2019-07-04
2,2019-07-05
2,2019-07-06
1,2019-07-07
1,2019-07-08
2,2019-07-09
2,2019-07-11
21,2019-07-12
1,2019-07-13
5,2019-07-15
6,2019-07-16
3,2019-07-17
3,2019-07-18
5,2019-07-19
2,2019-07-20
8,2019-07-21
4,2019-07-22
2,2019-07-23
1,2019-07-24
1,2019-07-25
14,2019-07-26
3,2019-07-29
4,2019-07-30
3,2019-07-31
26,2019-08-01
7,2019-08-02
1,2019-08-03
5,2019-08-05
6,2019-08-06
3,2019-08-07
13,2019-08-08
8,2019-08-09
1,2019-08-12
5,2019-08-13
2,2019-08-14
5,2019-08-15
14,2019-08-16
3,2019-08-20
6,2019-08-21
7,2019-08-23
2,2019-08-24
1,2019-08-25
1,2019-08-26
1,2019-08-27
1,2019-08-28
4,2019-08-29
8,2019-08-30
1,2019-08-31
31,2019-09-01
3,2019-09-04
1,2019-09-05
5,2019-09-06
1,2019-09-09
4,2019-09-10
1,2019-09-11
3,2019-09-12
12,2019-09-13
2,2019-09-14
9,2019-09-15
1,2019-09-16
6,2019-09-17
2,2019-09-18
2,2019-09-19
10,2019-09-20
4,2019-09-21
1,2019-09-22
2,2019-09-23
2,2019-09-24
8,2019-09-25
3,2019-09-26
5,2019-09-27
3,2019-09-28
2,2019-09-30
62,2019-10-01
12,2019-10-02
2,2019-10-03
10,2019-10-04
3,2019-10-05
1,2019-10-06
1,2019-10-07
2,2019-10-08
3,2019-10-09
3,2019-10-10
8,2019-10-11
2,2019-10-13
1,2019-10-14
3,2019-10-15
7,2019-10-16
2,2019-10-17
22,2019-10-18
3,2019-10-19
1,2019-10-21
6,2019-10-22
4,2019-10-23
3,2019-10-24
16,2019-10-25
2,2019-10-26
1,2019-10-27
2,2019-10-28
3,2019-10-29
4,2019-10-30
4,2019-10-31
91,2019-11-01
14,2019-11-02
9,2019-11-04
7,2019-11-05
3,2019-11-06
1,2019-11-07
5,2019-11-08
1,2019-11-09
4,2019-11-11
2,2019-11-12
1,2019-11-13
3,2019-11-14
24,2019-11-15
4,2019-11-16
1,2019-11-17
2,2019-11-19
30,2019-11-20
2,2019-11-21
11,2019-11-22
5,2019-11-23
3,2019-11-24
2,2019-11-25
5,2019-11-26
5,2019-11-27
6,2019-11-28
11,2019-11-29
3,2019-11-30
27,2019-12-01
1,2019-12-02
5,2019-12-03
3,2019-12-04
3,2019-12-05
16,2019-12-06
2,2019-12-07
1,2019-12-08
2,2019-12-09
2,2019-12-10
1,2019-12-11
1,2019-12-12
8,2019-12-13
29,2019-12-15
3,2019-12-16
1,2019-12-17
2,2019-12-18
3,2019-12-19
7,2019-12-20
2,2019-12-21
2,2019-12-22
4,2019-12-24
6,2019-12-25
3,2019-12-26
5,2019-12-27
1,2019-12-28
1,2019-12-30
74,2019-12-31
110,2020-01-01
3,2020-01-02
3,2020-01-03
1,2020-01-04
2,2020-01-07
1,2020-01-08
2,2020-01-09
11,2020-01-10
1,2020-01-11
2,2020-01-12
2,2020-01-13
3,2020-01-14
8,2020-01-15
9,2020-01-16
5,2020-01-17
1,2020-01-18
3,2020-01-20
2,2020-01-21
3,2020-01-22
6,2020-01-23
6,2020-01-24
1,2020-01-25
2,2020-01-26
2,2020-01-27
4,2020-01-29
4,2020-01-30
8,2020-01-31
15,2020-02-01
3,2020-02-03
4,2020-02-04
4,2020-02-05
3,2020-02-06
9,2020-02-07
2,2020-02-08
3,2020-02-09
1,2020-02-10
3,2020-02-11
3,2020-02-12
5,2020-02-13
10,2020-02-14
3,2020-02-15
6,2020-02-16
2,2020-02-17
3,2020-02-20
9,2020-02-21
2,2020-02-22
2,2020-02-23
2,2020-02-25
8,2020-02-26
6,2020-02-27
6,2020-02-28
17,2020-03-01
1,2020-03-02
8,2020-03-03
4,2020-03-04
5,2020-03-05
8,2020-03-06
1,2020-03-08
2,2020-03-10
6,2020-03-11
9,2020-03-13
1,2020-03-14
7,2020-03-15
1,2020-03-16
3,2020-03-17
5,2020-03-18
4,2020-03-19
12,2020-03-20
1,2020-03-21
1,2020-03-22
2,2020-03-23
1,2020-03-24
4,2020-03-25
6,2020-03-26
12,2020-03-27
1,2020-03-28
2,2020-03-29
13,2020-03-31
43,2020-04-01
2,2020-04-02
4,2020-04-03
2,2020-04-04
2,2020-04-05
2,2020-04-06
2,2020-04-07
2,2020-04-08
2,2020-04-09
8,2020-04-10
2,2020-04-11
4,2020-04-13
2,2020-04-14
12,2020-04-15
8,2020-04-16
8,2020-04-17
3,2020-04-18
4,2020-04-20
3,2020-04-21
7,2020-04-22
6,2020-04-23
6,2020-04-24
11,2020-04-25
2,2020-04-26
3,2020-04-27
12,2020-04-28
8,2020-04-29
7,2020-04-30
24,2020-05-01
11,2020-05-02
1,2020-05-03
2,2020-05-04
1,2020-05-05
3,2020-05-06
5,2020-05-07
6,2020-05-08
1,2020-05-09
5,2020-05-11
3,2020-05-12
2,2020-05-13
8,2020-05-14
15,2020-05-15
2,2020-05-16
3,2020-05-17
2,2020-05-18
13,2020-05-19
8,2020-05-20
12,2020-05-21
5,2020-05-22
3,2020-05-23
1,2020-05-24
5,2020-05-25
1,2020-05-26
1,2020-05-27
9,2020-05-28
4,2020-05-29
1,2020-05-31
24,2020-06-01
11,2020-06-02
3,2020-06-03
3,2020-06-04
9,2020-06-05
3,2020-06-06
3,2020-06-07
1,2020-06-08
7,2020-06-10
2,2020-06-11
15,2020-06-12
5,2020-06-13
4,2020-06-15
2,2020-06-16
2,2020-06-17
15,2020-06-18
12,2020-06-19
1,2020-06-20
2,2020-06-21
3,2020-06-22
2,2020-06-23
4,2020-06-24
3,2020-06-25
10,2020-06-26
2,2020-06-27
3,2020-06-28
1,2020-06-29
4,2020-06-30
21,2020-07-01
3,2020-07-02
9,2020-07-03
1,2020-07-04
29,2020-07-05
2,2020-07-06
2,2020-07-07
4,2020-07-08
3,2020-07-09
8,2020-07-10
1,2020-07-11
3,2020-07-14
7,2020-07-15
3,2020-07-16
5,2020-07-17
3,2020-07-18
1,2020-07-19
3,2020-07-21
4,2020-07-22
3,2020-07-23
8,2020-07-24
3,2020-07-25
2,2020-07-26
1,2020-07-28
6,2020-07-29
4,2020-07-30
7,2020-07-31
21,2020-08-01
2,2020-08-02
1,2020-08-03
4,2020-08-04
3,2020-08-05
3,2020-08-06
10,2020-08-07
3,2020-08-08
4,2020-08-10
2,2020-08-11
3,2020-08-12
6,2020-08-13
10,2020-08-14
4,2020-08-15
3,2020-08-16
3,2020-08-17
2,2020-08-18
3,2020-08-19
5,2020-08-20
8,2020-08-21
2,2020-08-22
1,2020-08-23
1,2020-08-24
2,2020-08-25
5,2020-08-26
6,2020-08-27
5,2020-08-28
1,2020-08-29
2,2020-08-30
4,2020-08-31
26,2020-09-01
5,2020-09-02
4,2020-09-03
6,2020-09-04
3,2020-09-05
5,2020-09-07
4,2020-09-08
6,2020-09-09
15,2020-09-10
9,2020-09-11
1,2020-09-14
10,2020-09-15
9,2020-09-16
7,2020-09-17
5,2020-09-18
6,2020-09-19
8,2020-09-20
1,2020-09-21
2,2020-09-22
2,2020-09-23
2,2020-09-24
6,2020-09-25
2,2020-09-26
1,2020-09-27
11,2020-09-28
3,2020-09-29
9,2020-09-30
33,2020-10-01
11,2020-10-02
4,2020-10-03
1,2020-10-04
1,2020-10-05
5,2020-10-06
2,2020-10-07
5,2020-10-08
6,2020-10-09
1,2020-10-11
6,2020-10-12
3,2020-10-13
3,2020-10-14
11,2020-10-15
8,2020-10-16
1,2020-10-17
3,2020-10-18
16,2020-10-19
3,2020-10-20
3,2020-10-21
7,2020-10-22
7,2020-10-23
2,2020-10-24
1,2020-10-25
1,2020-10-26
4,2020-10-27
5,2020-10-28
1,2020-10-29
10,2020-10-30
3,2020-10-31
33,2020-11-01
2,2020-11-02
4,2020-11-03
4,2020-11-04
7,2020-11-05
9,2020-11-06
2,2020-11-10
6,2020-11-11
8,2020-11-12
8,2020-11-13
1,2020-11-14
9,2020-11-15
2,2020-11-16
4,2020-11-17
1,2020-11-18
11,2020-11-19
8,2020-11-20
2,2020-11-22
4,2020-11-23
7,2020-11-24
4,2020-11-25
4,2020-11-26
9,2020-11-27
1,2020-11-29
4,2020-11-30
28,2020-12-01
6,2020-12-02
5,2020-12-03
9,2020-12-04
2,2020-12-05
5,2020-12-07
8,2020-12-08
7,2020-12-09
6,2020-12-10
6,2020-12-11
2,2020-12-12
1,2020-12-13
3,2020-12-14
7,2020-12-15
11,2020-12-16
9,2020-12-17
10,2020-12-18
1,2020-12-19
2,2020-12-20
2,2020-12-21
8,2020-12-22
3,2020-12-23
3,2020-12-24
4,2020-12-25
3,2020-12-26
2,2020-12-27
3,2020-12-28
7,2020-12-30
6,2020-12-31
49,2021-01-01
2,2021-01-02
1,2021-01-03
3,2021-01-04
3,2021-01-05
3,2021-01-06
3,2021-01-07
11,2021-01-08
1,2021-01-10
2,2021-01-11
3,2021-01-12
2,2021-01-13
2,2021-01-14
13,2021-01-15
3,2021-01-16
1,2021-01-18
1,2021-01-19
4,2021-01-20
2,2021-01-21
6,2021-01-22
4,2021-01-26
6,2021-01-27
1,2021-01-28
4,2021-01-29
2,2021-01-31
13,2021-02-01
2,2021-02-02
5,2021-02-03
10,2021-02-05
1,2021-02-06
1,2021-02-07
2,2021-02-08
1,2021-02-09
3,2021-02-10
8,2021-02-11
7,2021-02-12
1,2021-02-13
1,2021-02-14
3,2021-02-15
4,2021-02-16
4,2021-02-17
5,2021-02-18
5,2021-02-19
4,2021-02-20
3,2021-02-21
1,2021-02-22
4,2021-02-23
6,2021-02-24
4,2021-02-25
10,2021-02-26
1,2021-02-28
11,2021-03-01
3,2021-03-02
2,2021-03-03
4,2021-03-04
7,2021-03-05
1,2021-03-06
2,2021-03-08
1,2021-03-09
3,2021-03-10
3,2021-03-11
12,2021-03-12
1,2021-03-14
6,2021-03-15
4,2021-03-16
3,2021-03-17
8,2021-03-18
6,2021-03-19
4,2021-03-20
1,2021-03-22
3,2021-03-23
1,2021-03-24
4,2021-03-25
11,2021-03-26
2,2021-03-28
1,2021-03-29
3,2021-03-30
5,2021-03-31
32,2021-04-01
11,2021-04-02
1,2021-04-03
2,2021-04-04
2,2021-04-05
1,2021-04-06
4,2021-04-07
2,2021-04-08
6,2021-04-09
1,2021-04-10
1,2021-04-11
2,2021-04-12
9,2021-04-13
15,2021-04-14
18,2021-04-15
15,2021-04-16
8,2021-04-17
4,2021-04-19
7,2021-04-20
3,2021-04-21
5,2021-04-22
20,2021-04-23
2,2021-04-24
5,2021-04-27
3,2021-04-28
2,2021-04-29
7,2021-04-30
33,2021-05-01
4,2021-05-04
3,2021-05-05
2,2021-05-06
9,2021-05-07
2,2021-05-08
2,2021-05-09
1,2021-05-10
3,2021-05-11
4,2021-05-12
4,2021-05-13
14,2021-05-14
3,2021-05-15
1,2021-05-16
2,2021-05-18
5,2021-05-19
7,2021-05-20
8,2021-05-21
1,2021-05-22
1,2021-05-23
1,2021-05-24
2,2021-05-25
5,2021-05-26
7,2021-05-27
5,2021-05-28
1,2021-05-29
1,2021-05-30
1,2021-05-31
51,2021-06-02
8,2021-06-03
9,2021-06-04
3,2021-06-05
1,2021-06-06
1,2021-06-07
1,2021-06-08
5,2021-06-09
6,2021-06-10
7,2021-06-11
4,2021-06-12
3,2021-06-13
1,2021-06-14
12,2021-06-15
9,2021-06-16
11,2021-06-17
10,2021-06-18
24,2021-06-19
1,2021-06-20
4,2021-06-21
5,2021-06-22
5,2021-06-23
5,2021-06-24
4,2021-06-25
2,2021-06-26
4,2021-06-28
1,2021-06-29
10,2021-06-30
60,2021-07-01
9,2021-07-02
1,2021-07-03
1,2021-07-04
39,2021-07-06
13,2021-07-07
6,2021-07-08
12,2021-07-09
3,2021-07-10
1,2021-07-12
4,2021-07-13
6,2021-07-14
11,2021-07-15
14,2021-07-16
1,2021-07-17
1,2021-07-19
3,2021-07-20
4,2021-07-21
25,2021-07-22
11,2021-07-23
1,2021-07-24
2,2021-07-26
8,2021-07-27
5,2021-07-28
3,2021-07-29
10,2021-07-30
3,2021-07-31
38,2021-08-01
10,2021-08-03
7,2021-08-04
5,2021-08-05
5,2021-08-06
2,2021-08-07
2,2021-08-08
1,2021-08-09
5,2021-08-10
6,2021-08-11
3,2021-08-12
7,2021-08-13
5,2021-08-15
2,2021-08-16
11,2021-08-18
2,2021-08-19
8,2021-08-20
1,2021-08-21
5,2021-08-23
3,2021-08-24
12,2021-08-25
2,2021-08-26
27,2021-08-27
4,2021-08-28
2,2021-08-29
3,2021-08-31
56,2021-09-01
14,2021-09-02
5,2021-09-03
1,2021-09-04
2,2021-09-05
3,2021-09-06
6,2021-09-07
4,2021-09-08
4,2021-09-09
8,2021-09-10
3,2021-09-11
6,2021-09-14
22,2021-09-15
12,2021-09-16
7,2021-09-17
2,2021-09-19
1,2021-09-20
5,2021-09-21
9,2021-09-22
2,2021-09-23
10,2021-09-24
1,2021-09-25
